<?xml version="1.0" encoding="UTF-8"?>
<!DOCTYPE project>
<Configuration status="DEBUG">
	<Properties>
		<Property name="log-path">/opt/ocpp/logs</Property>
	</Properties>

	<Appenders>
		<RollingFile name="debugFile" fileName="${log-path}/debug/webasto_debug.log"
			filePattern="${log-path}/debug/webasto_debug-%d{yyyy-MM-dd}.log">
			<LevelRangeFilter minLevel="INFO" maxLevel="DEBUG" onMatch="ACCEPT" onMismatch="DENY"/>
			<PatternLayout>
				<pattern>%d{yyyy-MM-dd HH:mm:ss} [%t] %-5p %c{10} - %m%n</pattern>
			</PatternLayout>
			<Policies>
				<SizeBasedTriggeringPolicy size="5 MB" />
				<TimeBasedTriggeringPolicy interval="1"
					modulate="true" />
			</Policies>
		</RollingFile>
		
		<RollingFile name="errorFile" fileName="${log-path}/error/webasto_error.log"
			filePattern="${log-path}/error/webasto_error-%d{yyyy-MM-dd}.log">
			<LevelRangeFilter minLevel="ERROR" maxLevel="ERROR" onMatch="ACCEPT" onMismatch="DENY"/>
			<PatternLayout>
				<pattern>%d{yyyy-MM-dd HH:mm:ss} [%t] %-5p %c{10} - %m%n</pattern>
			</PatternLayout>
			<Policies>
				<SizeBasedTriggeringPolicy size="5 MB" />
				<TimeBasedTriggeringPolicy interval="1"
					modulate="true" />
			</Policies>
		</RollingFile>
		
		 <Console name="Console" target="SYSTEM_OUT" follow="true">
            <PatternLayout pattern="%-5p %d{ddMMyyyy HH:mm:ss.SSS} [%t:%c] %m%n"/>
        </Console>
	</Appenders>
	
	<Loggers>
	<!-- <Logger name="com.ocpp" level="error" additivity="false">
			<appender-ref ref="errorFile" />
			<appender-ref ref="Console" />
		</Logger> -->
		<Logger name="com.webasto" level="debug" additivity="false">
			<appender-ref ref="debugFile" />
			<appender-ref ref="errorFile" />
			<appender-ref ref="Console" />
		</Logger>
		
		<Root level="warn" additivity="false">
			<appender-ref ref="Console"/>		
			</Root>
		
	</Loggers>
</Configuration>
